{"cameraMode":{"drawMode":0,"name":"Shaded","section":"Shading Mode"},"sceneLighting":true,"audioPlay":false,"sceneViewState":{"showFog":true,"showMaterialUpdate":false,"showSkybox":true,"showFlares":true,"showImageEffects":true,"showParticleSystems":true,"showVisualEffectGraphs":true,"m_FxEnabled":true},"in2DMode":false,"pivot":{"x":-13.81287956237793,"y":3.6445560455322267,"z":10.017077445983887},"rotation":{"x":0.17048633098602296,"y":-0.007374260108917952,"z":0.0013770842924714089,"w":0.985443115234375},"size":3.707106351852417,"orthographic":false}