{"cameraMode":{"drawMode":0,"name":"Shaded","section":"Shading Mode"},"sceneLighting":true,"audioPlay":false,"sceneViewState":{"showFog":true,"showMaterialUpdate":false,"showSkybox":true,"showFlares":true,"showImageEffects":true,"showParticleSystems":true,"showVisualEffectGraphs":true,"m_FxEnabled":true},"in2DMode":false,"pivot":{"x":-10.411541938781739,"y":0.07345008850097656,"z":7.726343154907227},"rotation":{"x":0.46414223313331606,"y":0.10457129776477814,"z":-0.05517372861504555,"w":0.8779398202896118},"size":9.774154663085938,"orthographic":false}