{"cameraMode":{"drawMode":0,"name":"Shaded","section":"Shading Mode"},"sceneLighting":true,"audioPlay":false,"sceneViewState":{"showFog":true,"showMaterialUpdate":false,"showSkybox":true,"showFlares":true,"showImageEffects":true,"showParticleSystems":true,"showVisualEffectGraphs":true,"m_FxEnabled":true},"in2DMode":false,"pivot":{"x":-3.0399703979492189,"y":1.9500000476837159,"z":-9.755056381225586},"rotation":{"x":-0.18568368256092072,"y":-0.23011431097984315,"z":0.04544740542769432,"w":-0.9544128179550171},"size":2.5347461700439455,"orthographic":false}