{"cameraMode":{"drawMode":0,"name":"Shaded","section":"Shading Mode"},"sceneLighting":false,"audioPlay":false,"sceneViewState":{"showFog":true,"showMaterialUpdate":false,"showSkybox":false,"showFlares":true,"showImageEffects":true,"showParticleSystems":true,"showVisualEffectGraphs":true,"m_FxEnabled":true},"in2DMode":false,"pivot":{"x":-0.012848138809204102,"y":2.051403284072876,"z":0.012844324111938477},"rotation":{"x":-0.03324563056230545,"y":0.059029944241046908,"z":-0.0019689418841153385,"w":-0.997704267501831},"size":3.9811017513275148,"orthographic":false}